CamperID,Got1stChoiceLastWeek
Emma Johnson,No
Liam Smith,No
Olivia Brown,No
Noah Williams,No
Ava Jones,No
Elijah Garcia,No
Sophia Martinez,No
Lucas Rodriguez,No
Mia Hernandez,No
Mason Lopez,No
Isabella Gonzalez,No
Ethan Wilson,No
Amelia Anderson,No
James Thomas,No
Harper Taylor,No
Benjamin Moore,No
Evelyn Jackson,No
Alexander Martin,No
Abigail Lee,No
Michael Perez,No
Charlotte Thompson,No
Daniel White,No
Scarlett Harris,No
Henry Clark,No
Grace Lewis,No
Jackson Young,No
Chloe Hall,No
Sebastian Allen,No
Ella King,No
Aiden Wright,No
Lily Scott,No
Matthew Green,No
Aria Adams,No
Samuel Baker,No
Zoey Nelson,No
David Hill,No
Penelope Carter,No
Joseph Mitchell,No
Layla Roberts,No
Carter Turner,No
Riley Phillips,No
Wyatt Campbell,No
Nora Parker,No
Jack Evans,No
Mila Edwards,No
Owen Collins,No
Hannah Stewart,No
Caleb Sanchez,No
Aurora Morris,No
Luke Rogers,No
Ellie Reed,No
Jayden Cook,No
Stella Morgan,No
Gabriel Bell,No
Paisley Murphy,No
Isaac Bailey,No
Addison Rivera,No
Anthony Cooper,No
Lucy Richardson,No
Dylan Cox,No
Victoria Howard,No
Leo Ward,No
Savannah Torres,No
Julian Peterson,No
Audrey Gray,No
Levi Ramirez,No
Brooklyn James,No
Nathan Watson,No
Bella Brooks,No
Ryan Kelly,No
Claire Sanders,No
Jaxon Price,No
Skylar Bennett,No
Isaiah Wood,No
Aaliyah Barnes,No
Eli Ross,No
Camila Henderson,No
Landon Coleman,No
Violet Jenkins,No
Christian Perry,No
Aurora Powell,No
Andrew Long,No
Hazel Patterson,No
Jonathan Hughes,No
Aurora Flores,No
Hunter Foster,No
Samantha Simmons,No
Connor Bryant,No
Leah Russell,No
Thomas Griffin,No
Madelyn Diaz,No
Lincoln Hayes,No
Kennedy Myers,No
Cameron Ford,No
Ellie Hamilton,No
Asher Graham,No
Stella Sullivan,No
Christopher Wallace,No
Zoey West,No
Josiah Cole,No
Natalie Jordan,No
Hudson Butler,No
Lucy Fisher,No
Ezra Simmons,No
Maya Bryant,No
Charles Alexander,No
Emilia Russell,No
Aaron Griffin,No
Scarlett Hayes,No
Adrian Myers,No
Aurora Ford,No
Nolan Hamilton,No
Ellie Graham,No
Easton Sullivan,No
Lily Wallace,No
Colton West,No
Chloe Cole,No
Brayden Jordan,No
Aria Butler,No
Grayson Fisher,No
Isla Simmons,No
Jace Bryant,No
Aurora Alexander,No
Parker Russell,No
Aurora Griffin,No
Roman Hayes,No