HugName,Capacity
Cooking: MBKS,10
Cheer & Gym: MBKS,10
Jam Band: MBKS,15
Podcast: MBKS,6
Nature Walk: MBKS,15
Games with Water: MBKS,10
Fitness: MBKS,12
Mt. Biking: MBKS,14
Soccer: MBKS,10
Pickleball: MBKS,15
Dance: MBKS,10
Ceramics: MBKS,10
Fun with Yarn: MBKS,10
Science: MBKS,15
Archery: MBKS,10
Newstube: MBKS,15
Painting & More: MBKS,10
Ropes: MBKS,12
Cooking: NOCT,14
Dance: NOCT,10
Jewelry Making: NOCT,15
Pools Games: NOCT,10
Photography: NOCT,10
Pickleball: NOCT,10
Theater: NOCT,15
Scouts: NOCT,10
Tennis: NOCT,15
Kindness: NOCT,10
Ceramics: NOCT,12
Fitness: NOCT,14
Games with Water: NOCT,10
Building & Robot: NOCT,15
Basketball: NOCT,10
Board Games: MBKS,8
Ropes: NOCT,12
Basketball: MBKS,20